Date,Open,High,Low,Close,Adj Close,Volume
10-03-2016,566.74,567,547.9,558.93,558.93,3919900
11-03-2016,566.95,570.06,562.73,569.61,569.61,3771300
14-03-2016,567,576.89,563.05,573.37,573.37,3454200
15-03-2016,571,581.52,567,577.02,577.02,3876800
16-03-2016,576.64,581.32,571.14,574.27,574.27,3537700
17-03-2016,569.51,571.4,555.01,559.44,559.44,5928100
18-03-2016,560.94,562.33,546.09,552.08,552.08,7296900
21-03-2016,548.91,555.24,538.58,553.98,553.98,5155700
22-03-2016,545.11,562.76,545.05,560.48,560.48,4000600
23-03-2016,561,572.48,558.1,569.63,569.63,3983700
24-03-2016,567.11,583.55,567.08,582.95,582.95,5185500
28-03-2016,584.4,584.75,575.56,579.87,579.87,3121500
29-03-2016,580.15,595.85,576.5,593.86,593.86,4392600
30-03-2016,596.71,603.24,595,598.69,598.69,3890500
31-03-2016,599.28,600.75,592.21,593.64,593.64,2681800
01-04-2016,590.49,599.03,588.3,598.5,598.5,2917400
04-04-2016,599,599.5,590.55,593.19,593.19,2470800
05-04-2016,590.77,593.47,585.25,586.14,586.14,2308900
06-04-2016,587.52,602.39,587.5,602.08,602.08,2849900
07-04-2016,598.76,599.6,589.08,591.43,591.43,3189000
08-04-2016,594.32,597.86,589,594.6,594.6,2591900
11-04-2016,596.14,604,594.91,595.93,595.93,2704300
12-04-2016,598.4,604.06,592.31,603.17,603.17,2641100
13-04-2016,607.68,616.81,605.29,614.82,614.82,4228300
14-04-2016,615.07,624.38,615.07,620.75,620.75,3512100
15-04-2016,621.92,626.77,618.11,625.89,625.89,2887700
18-04-2016,625.35,637.64,624.96,635.35,635.35,4360900
19-04-2016,637.14,638.01,620.8,627.9,627.9,4055900
20-04-2016,630,636.55,623,632.99,632.99,2609400
21-04-2016,631,637.82,628.5,631,631,2596300
22-04-2016,624.47,628.25,611.56,620.5,620.5,5083900
25-04-2016,616.61,626.98,616.25,626.2,626.2,2682900
26-04-2016,626.17,626.75,614.88,616.88,616.88,2521400
27-04-2016,611.8,615.95,601.28,606.57,606.57,4068800
28-04-2016,615.54,626.8,599.2,602,602,7872600
29-04-2016,666,669.98,654,659.59,659.59,10310700
02-05-2016,663.92,685.5,662.03,683.85,683.85,6578500
03-05-2016,677.36,680.3,670.43,671.32,671.32,4923400
04-05-2016,662.59,674,662.14,670.9,670.9,4635500
05-05-2016,673.31,676.49,656,659.09,659.09,4884100
06-05-2016,656.05,676.95,656.01,673.95,673.95,4365300
09-05-2016,673.95,686.98,671.41,679.75,679.75,3982200
10-05-2016,694,704.55,693.5,703.07,703.07,6105600
11-05-2016,705.79,719,701.65,713.23,713.23,7338200
12-05-2016,717.38,722.45,711.51,717.93,717.93,5048200
13-05-2016,714.64,719.25,706.51,709.92,709.92,4763400
16-05-2016,710.13,713.25,700.28,710.66,710.66,5432900
17-05-2016,709.9,714.47,693.91,695.27,695.27,5121400
18-05-2016,689.56,702.54,688.76,697.45,697.45,4283200
19-05-2016,691.88,699.4,689.56,698.52,698.52,3025600
20-05-2016,701.05,707.24,700,702.8,702.8,2916200
23-05-2016,704.25,706,696.42,696.75,696.75,2595100
24-05-2016,698.01,707.5,698,704.2,704.2,3033800
25-05-2016,708,710.86,705.52,708.35,708.35,3267700
26-05-2016,708.33,715,707.29,714.91,714.91,2446700
27-05-2016,715,716.6,711.1,712.24,712.24,2249200
31-05-2016,712.33,724.23,711.32,722.79,722.79,3618300
01-06-2016,720.9,726.43,718.22,719.44,719.44,3263100
02-06-2016,720.97,728.28,715.5,728.24,728.24,3026600
03-06-2016,726.74,727,718.43,725.54,725.54,3367300
06-06-2016,726.5,731.5,724.42,726.73,726.73,2704800
07-06-2016,729.89,730,720.55,723.74,723.74,2732500
08-06-2016,726.4,729.42,721.6,726.64,726.64,2223400
09-06-2016,723.1,728.91,722.3,727.65,727.65,2170300
10-06-2016,722.35,724.98,714.21,717.91,717.91,3425700
13-06-2016,714.01,721.99,711.16,715.24,715.24,3352200
14-06-2016,712.33,720.81,712.27,719.3,719.3,2506900
15-06-2016,722,722.56,713.35,714.26,714.26,2709400
16-06-2016,712.05,718,705.3,717.51,717.51,3098000
17-06-2016,718.19,718.2,699.18,706.39,706.39,5897800
20-06-2016,713.5,721.31,710.81,714.01,714.01,3677200
21-06-2016,715.72,718.4,712.72,715.82,715.82,2137500
22-06-2016,716.58,717,707.57,710.6,710.6,2260500
23-06-2016,715.5,722.12,712.5,722.08,722.08,2825000
24-06-2016,693,712.53,692.2,698.96,698.96,7632500
27-06-2016,692.01,696.82,682.12,691.36,691.36,5568000
28-06-2016,700,708,698.17,707.95,707.95,4037000
29-06-2016,715.75,719.5,713.54,715.6,715.6,3070100
30-06-2016,717.2,719.37,712.54,715.62,715.62,2855100
01-07-2016,717.32,728,716.54,725.68,725.68,2920400
05-07-2016,722.8,729.56,719.61,728.1,728.1,2431400
06-07-2016,725.71,737.77,722.58,737.61,737.61,3938200
07-07-2016,739.33,739.55,731.63,736.57,736.57,2945800
08-07-2016,740.14,746.1,738,745.81,745.81,3429200
11-07-2016,750,755.9,747,753.78,753.78,3195300
12-07-2016,756.86,757.34,740.33,748.21,748.21,5623700
13-07-2016,746.76,756.87,741.25,742.63,742.63,4142300
14-07-2016,748.86,749.04,739.02,741.2,741.2,2390500
15-07-2016,746.55,746.55,734.05,735.44,735.44,3121400
18-07-2016,735.49,741.6,728.72,736.07,736.07,2954900
19-07-2016,732.5,743.33,732.31,739.95,739.95,2216800
20-07-2016,744,746.25,740.7,745.72,745.72,2214000
21-07-2016,747.5,749.36,742.79,744.43,744.43,2317100
22-07-2016,747.79,751.28,743.53,744.86,744.86,2277700
25-07-2016,746.55,748.5,735.35,739.61,739.61,2679300
26-07-2016,742.71,743.13,732.75,735.59,735.59,2529700
27-07-2016,737.97,740.94,733.86,736.67,736.67,2913100
28-07-2016,745.98,753.36,739.7,752.61,752.61,7617600
29-07-2016,765,766,755,758.81,758.81,6777100
01-08-2016,759.87,770.5,757.06,767.74,767.74,3578200
02-08-2016,763.81,765.01,757.02,760.58,760.58,3603300
03-08-2016,757.06,758.89,752.25,754.64,754.64,3581500
04-08-2016,753.7,765,750.35,760.77,760.77,3178200
05-08-2016,764.81,768.47,763.09,765.98,765.98,2704400
08-08-2016,766.81,767,761.02,766.56,766.56,1986300
09-08-2016,767.39,772.6,766.9,768.31,768.31,1876100
10-08-2016,769.8,772.1,766.19,768.56,768.56,1604300
11-08-2016,769.94,773.75,769.12,771.24,771.24,2019700
12-08-2016,768.46,773.15,768.42,772.56,772.56,1563300
15-08-2016,771.9,772.04,767.71,768.49,768.49,2118500
16-08-2016,768.62,768.73,763.82,764.04,764.04,1604600
17-08-2016,764.41,765.22,759.2,764.63,764.63,1891100
18-08-2016,764,765.17,760.6,764.46,764.46,1458800
19-08-2016,761.9,762.49,756.89,757.31,757.31,2343200
22-08-2016,757.5,759.85,752.1,759.48,759.48,1679300
23-08-2016,763.31,764.7,761,762.45,762.45,1524100
24-08-2016,763,763.41,755.36,757.25,757.25,1744100
25-08-2016,756,760.56,754.74,759.22,759.22,1623000
26-08-2016,760.05,770,759.8,769,769,2776800
29-08-2016,768.72,774.98,768.6,771.29,771.29,2198600
30-08-2016,771.05,771.84,765.56,767.58,767.58,1709200
31-08-2016,766.6,769.64,764,769.16,769.16,1633800
01-09-2016,770.9,772.04,766.75,770.62,770.62,1792300
02-09-2016,774.11,776,771.7,772.44,772.44,2181800
06-09-2016,774.04,789.48,770.22,788.87,788.87,3719800
07-09-2016,789.53,790.79,784.33,784.48,784.48,2424600
08-09-2016,783.89,786.5,781.44,784.06,784.06,2030500
09-09-2016,779.36,781,760.11,760.14,760.14,4257300
12-09-2016,757.35,772.66,756,771.49,771.49,3124700
13-09-2016,768.77,769.89,759.05,761.01,761.01,3117200
14-09-2016,762.2,767.5,758.85,761.09,761.09,2523000
15-09-2016,762,770.87,757.58,769.69,769.69,3034000
16-09-2016,773.28,780.46,771.66,778.52,778.52,5499200
19-09-2016,779.97,781.94,771,775.1,775.1,2297200
20-09-2016,776,781.37,776,780.22,780.22,1937200
21-09-2016,783.25,790.69,779.01,789.74,789.74,2718600
22-09-2016,794.27,805.89,794.27,804.7,804.7,4078900
23-09-2016,803.13,807.75,802.12,805.75,805.75,2353500
26-09-2016,801.8,805.93,797.15,799.16,799.16,2651400
27-09-2016,801.85,816.64,801.11,816.11,816.11,3819600
28-09-2016,818,830.14,817.03,828.72,828.72,4422100
29-09-2016,828.26,837.5,824.63,829.05,829.05,4922200
30-09-2016,832.61,839.95,832.4,837.31,837.31,4430600
03-10-2016,836,839.86,831.25,836.74,836.74,2769400
04-10-2016,840.91,842.37,830.26,834.03,834.03,2950300
05-10-2016,838,845.67,836.12,844.36,844.36,3469100
06-10-2016,843.7,847.21,840.6,841.66,841.66,2684000
07-10-2016,845.79,845.95,837.45,839.43,839.43,2426200
10-10-2016,843.25,845.2,840.27,841.71,841.71,1827100
11-10-2016,841.02,841.29,828.35,831,831,3588200
12-10-2016,834,837.67,830.1,834.09,834.09,2380400
13-10-2016,829,831.8,821.21,829.28,829.28,3091400
14-10-2016,835.08,835.74,822.96,822.96,822.96,2999800
17-10-2016,821.5,822,811.68,812.95,812.95,3361500
18-10-2016,822.11,823.26,815.02,817.65,817.65,2512500
19-10-2016,820.4,820.67,815.17,817.69,817.69,2090700
20-10-2016,813.99,815.71,803.1,810.32,810.32,3152000
21-10-2016,809.36,819.42,809,818.99,818.99,2793000
24-10-2016,824.95,838.3,822.21,838.09,838.09,4060900
25-10-2016,839.3,843.09,833.22,835.18,835.18,3248400
26-10-2016,832.76,833.44,820,822.59,822.59,3998100
27-10-2016,831.24,831.72,815.43,818.36,818.36,7406400
28-10-2016,782,789.49,774.61,776.32,776.32,10841100
31-10-2016,781.03,793.7,780.11,789.82,789.82,5413300
01-11-2016,799,800.84,776.71,785.41,785.41,5305400
02-11-2016,783.93,784.75,763.55,765.56,765.56,5026500
03-11-2016,765.05,777,764,767.03,767.03,3872500
04-11-2016,762.79,766,753.23,755.05,755.05,5122100
07-11-2016,771.64,787.73,770.94,784.93,784.93,5984400
08-11-2016,784.97,791.74,779.1,787.75,787.75,3412600
09-11-2016,764,777.5,760.09,771.88,771.88,8562900
10-11-2016,778.81,778.83,717.7,742.38,742.38,12747000
11-11-2016,735.73,743.26,728.9,739.01,739.01,6622800
14-11-2016,745.51,746,710.1,719.07,719.07,7321300
15-11-2016,730,746.78,725.99,743.24,743.24,6755800
16-11-2016,739.88,749.87,735.61,746.49,746.49,3648800
17-11-2016,749.32,757.5,748,756.4,756.4,3690100
18-11-2016,761,767.74,757.64,760.16,760.16,4373400
21-11-2016,766,780.35,765.11,780,780,4614600
22-11-2016,788.17,792.4,781,785.33,785.33,5311300
23-11-2016,781.73,781.75,773.12,780.12,780.12,3540300
25-11-2016,786.5,786.75,777.9,780.37,780.37,1837100
28-11-2016,776.99,777,764.24,766.77,766.77,4438800
29-11-2016,768,769.89,761.32,762.52,762.52,3272300
30-11-2016,762,768.09,750.25,750.57,750.57,4625900
01-12-2016,752.41,753.37,738.03,743.65,743.65,4666000
02-12-2016,743.4,748.49,736.7,740.34,740.34,3561300
05-12-2016,745,761.49,742,759.36,759.36,4314700
06-12-2016,763.99,768.24,757.25,764.72,764.72,3794700
07-12-2016,764.55,770.42,755.82,770.42,770.42,3684900
08-12-2016,771.87,773.79,765.19,767.33,767.33,3189600
09-12-2016,770,770.25,765.34,768.66,768.66,2470900
12-12-2016,766.4,766.89,757.2,760.12,760.12,2963900
13-12-2016,764.96,782.46,762,774.34,774.34,5285300
14-12-2016,778.25,780.86,762.81,768.82,768.82,5454800
15-12-2016,766.28,769.1,760.31,761,761,3801900
16-12-2016,765,765.13,754,757.77,757.77,4848200
19-12-2016,758.89,770.5,756.16,766,766,3113200
20-12-2016,768.65,774.39,767.71,771.22,771.22,2703600
21-12-2016,770,771.22,765.7,770.6,770.6,2044600
22-12-2016,768.12,771.21,763.02,766.34,766.34,2543600
23-12-2016,764.55,766.5,757.99,760.59,760.59,1981600
27-12-2016,763.4,774.65,761.2,771.4,771.4,2638700
28-12-2016,776.25,780,770.5,772.13,772.13,3301000
29-12-2016,772.4,773.4,760.85,765.15,765.15,3158300
30-12-2016,766.47,767.4,748.28,749.87,749.87,4139400
03-01-2017,757.92,758.76,747.7,753.67,753.67,3521100
04-01-2017,758.39,759.68,754.2,757.18,757.18,2510500
05-01-2017,761.55,782.4,760.26,780.45,780.45,5830100
06-01-2017,782.36,799.44,778.48,795.99,795.99,5986200
09-01-2017,798,801.77,791.77,796.92,796.92,3446100
10-01-2017,796.6,798,789.54,795.9,795.9,2558400
11-01-2017,793.66,799.5,789.51,799.02,799.02,2992800
12-01-2017,800.31,814.13,799.5,813.64,813.64,4873900
13-01-2017,814.32,821.65,811.4,817.14,817.14,3791900
17-01-2017,815.7,816,803.44,809.72,809.72,3670500
18-01-2017,809.5,811.73,804.27,807.48,807.48,2354200
19-01-2017,810,813.51,807.32,809.04,809.04,2540800
20-01-2017,815.28,816.02,806.26,808.33,808.33,3376200
23-01-2017,806.8,818.5,805.08,817.88,817.88,2797500
24-01-2017,822,823.99,814.5,822.44,822.44,2971700
25-01-2017,825.79,837.42,825.29,836.52,836.52,3922600
26-01-2017,835.53,843.84,833,839.15,839.15,3586300
27-01-2017,839,839.7,829.44,835.77,835.77,2998700
30-01-2017,833,833.5,816.38,830.38,830.38,3747300
31-01-2017,823.75,826.99,819.56,823.48,823.48,3137200
01-02-2017,829.21,833.78,824.94,832.35,832.35,3850200
02-02-2017,836.59,842.49,828.26,839.95,839.95,7350500
03-02-2017,806.72,818.3,804,810.2,810.2,10868800
06-02-2017,809.8,810.72,803,807.64,807.64,3897300
07-02-2017,809.31,816.16,807.5,812.5,812.5,3466100
08-02-2017,812.69,821.48,812.5,819.71,819.71,2858000
09-02-2017,821.6,825,819.71,821.36,821.36,2484900
10-02-2017,823.82,828,822.85,827.46,827.46,2429600
13-02-2017,831.62,843,828.55,836.53,836.53,4172600
14-02-2017,837,838.31,831.45,836.39,836.39,2792400
15-02-2017,834,842.81,832.82,842.7,842.7,2968900
16-02-2017,841.84,845,839.38,844.14,844.14,2714700
17-02-2017,842,847.27,840.73,845.07,845.07,3112300
21-02-2017,848.84,857.98,847.25,856.44,856.44,3507700
22-02-2017,856.95,858.43,852.18,855.61,855.61,2617000
23-02-2017,857.57,860.86,848,852.19,852.19,3462000
24-02-2017,844.69,845.81,837.75,845.24,845.24,3688000
27-02-2017,842.38,852.5,839.67,848.64,848.64,2713600
28-02-2017,851.45,854.09,842.05,845.04,845.04,2793700
01-03-2017,853.05,854.83,849.01,853.08,853.08,2760100
02-03-2017,853.08,854.82,847.28,848.91,848.91,2132100
03-03-2017,847.2,851.99,846.27,849.88,849.88,1941100
06-03-2017,845.23,848.49,841.12,846.61,846.61,2610400
07-03-2017,845.48,848.46,843.75,846.02,846.02,2247600
08-03-2017,848,853.07,846.79,850.5,850.5,2286500
09-03-2017,851,856.4,850.31,853,853,2048200
10-03-2017,857,857.35,851.72,852.46,852.46,2436400
13-03-2017,851.77,855.69,851.71,854.59,854.59,1909700
14-03-2017,853.55,853.75,847.55,852.53,852.53,2130600
15-03-2017,854.33,854.45,847.11,852.97,852.97,2562200
16-03-2017,855.3,855.5,850.51,853.42,853.42,1842300
17-03-2017,853.49,853.83,850.64,852.31,852.31,3384400
20-03-2017,851.51,857.8,851.01,856.97,856.97,2282700
21-03-2017,858.84,862.8,841.31,843.2,843.2,4382900
22-03-2017,840.43,849.37,839.05,848.06,848.06,2658700
23-03-2017,848.2,850.89,844.8,847.38,847.38,1953000
24-03-2017,851.68,851.8,843.53,845.61,845.61,2138300
27-03-2017,838.07,850.3,833.5,846.82,846.82,2755800
28-03-2017,851.75,858.46,850.1,856,856,3041600
29-03-2017,859.05,876.44,859.02,874.32,874.32,4485800
30-03-2017,874.95,877.06,871.66,876.34,876.34,2762700
31-03-2017,877,890.35,876.65,886.54,886.54,3957600
03-04-2017,888,893.49,885.42,891.51,891.51,3422300
04-04-2017,891.5,908.54,890.28,906.83,906.83,4984700
05-04-2017,910.82,923.72,905.62,909.28,909.28,7508400
06-04-2017,913.8,917.19,894.49,898.28,898.28,6344100
07-04-2017,899.65,900.09,889.31,894.88,894.88,3710900
10-04-2017,899.63,908.51,899,907.04,907.04,3184300
11-04-2017,907.04,911.24,897.5,902.36,902.36,3012700
12-04-2017,903.09,904.09,895.25,896.23,896.23,2456100
13-04-2017,891.45,894.97,884.49,884.67,884.67,3174600
17-04-2017,887.5,902.38,887.5,901.99,901.99,2854700
18-04-2017,900.99,909.61,900.78,903.78,903.78,2999200
19-04-2017,907.84,910.5,897.37,899.2,899.2,2870200
20-04-2017,899.7,905.32,896.29,902.06,902.06,2814400
21-04-2017,902.67,903.65,896.77,898.53,898.53,2420500
24-04-2017,908.68,909.99,903.82,907.41,907.41,3122900
25-04-2017,907.04,909.48,903,907.62,907.62,3380600
26-04-2017,910.3,915.75,907.56,909.29,909.29,2608900
27-04-2017,914.39,921.86,912.11,918.38,918.38,5305500
28-04-2017,948.83,949.59,924.33,924.99,924.99,7364700
01-05-2017,927.8,954.4,927.8,948.23,948.23,5466500
02-05-2017,946.65,950.1,941.41,946.94,946.94,3848800
03-05-2017,946,946,935.9,941.03,941.03,3582700
04-05-2017,944.75,945,934.22,937.53,937.53,2418400
05-05-2017,940.52,940.79,930.3,934.15,934.15,2866400
08-05-2017,940.95,949.05,939.21,949.04,949.04,3415700
09-05-2017,952.8,957.89,950.2,952.82,952.82,3262100
10-05-2017,953.5,953.75,945,948.95,948.95,2096500
11-05-2017,945.11,950.29,940.78,947.62,947.62,2194100
12-05-2017,954.5,962.79,951.53,961.35,961.35,3625900
15-05-2017,958.73,963.15,956.06,957.97,957.97,4270600
16-05-2017,961,970.06,960.91,966.07,966.07,3126100
17-05-2017,954.7,960.4,944.12,944.76,944.76,5145600
18-05-2017,944.8,962.75,944.76,958.49,958.49,3939300
19-05-2017,962.84,968.92,959.72,959.84,959.84,3972100
22-05-2017,964,971.38,962.9,970.67,970.67,2642200
23-05-2017,975.02,975.2,966.85,971.54,971.54,2415600
24-05-2017,976,981,970.23,980.35,980.35,2446000
25-05-2017,984.85,999,982.11,993.38,993.38,4822000
26-05-2017,995,998.65,989.25,995.78,995.78,3469200
30-05-2017,996.51,1001.2,995.52,996.7,996.7,3263100
31-05-2017,1000,1000.12,982.16,994.62,994.62,3913100
01-06-2017,998.59,998.99,991.37,995.95,995.95,2454800
02-06-2017,998.99,1008.48,995.67,1006.73,1006.73,3752300
05-06-2017,1007.23,1013.21,1003.51,1011.34,1011.34,2719900
06-06-2017,1012,1016.5,1001.25,1003,1003,3346400
07-06-2017,1005.95,1010.25,1002,1010.07,1010.07,2823000
08-06-2017,1012.06,1013.61,1006.11,1010.27,1010.27,2767900
09-06-2017,1012.5,1012.99,927,978.31,978.31,7647700
12-06-2017,967,975.95,945,964.91,964.91,9447200
13-06-2017,977.99,984.5,966.1,980.79,980.79,4580000
14-06-2017,988.59,990.34,966.71,976.47,976.47,3974900
15-06-2017,958.7,965.73,950.86,964.17,964.17,5373900
16-06-2017,996,999.75,982,987.71,987.71,11472700
19-06-2017,1017,1017,989.9,995.17,995.17,5043400
20-06-2017,998,1004.88,992.02,992.59,992.59,4076800
21-06-2017,998.7,1002.72,992.65,1002.23,1002.23,2922500
22-06-2017,1002.23,1006.96,997.2,1001.3,1001.3,2253400
23-06-2017,1002.54,1004.62,998.02,1003.74,1003.74,2879100
26-06-2017,1008.5,1009.8,992,993.98,993.98,3386200
27-06-2017,990.69,998.8,976,976.78,976.78,3782400
28-06-2017,978.55,990.68,969.21,990.33,990.33,3737600
29-06-2017,979,987.56,965.25,975.93,975.93,4303000
30-06-2017,980.12,983.47,967.61,968,968,3390300
03-07-2017,972.79,974.49,951,953.66,953.66,2909100
05-07-2017,961.53,975,955.25,971.4,971.4,3653000
06-07-2017,964.66,974.4,959.02,965.14,965.14,3259600
07-07-2017,969.55,980.11,969.14,978.76,978.76,2643400
10-07-2017,985,999.44,983.5,996.47,996.47,3546300
11-07-2017,993,995.99,983.72,994.13,994.13,2982700
12-07-2017,1000.65,1008.55,998.1,1006.51,1006.51,3608600
13-07-2017,1004.62,1006.88,995.9,1000.63,1000.63,2880800
14-07-2017,1002.4,1004.45,996.89,1001.81,1001.81,2102500
17-07-2017,1004.69,1014.75,1003.81,1010.04,1010.04,3712600
18-07-2017,1006,1026.03,1004,1024.45,1024.45,4007600
19-07-2017,1025,1031.59,1022.5,1026.87,1026.87,2964000
20-07-2017,1031.59,1034.97,1022.52,1028.7,1028.7,3097500
21-07-2017,1021.28,1026.1,1011,1025.67,1025.67,2734600
24-07-2017,1028.34,1043.01,1027.43,1038.95,1038.95,3288000
25-07-2017,1038.05,1043.33,1032.48,1039.87,1039.87,2447600
26-07-2017,1043.2,1053.2,1043.2,1052.8,1052.8,2921300
27-07-2017,1069.55,1083.31,1040.18,1046,1046,10991700
28-07-2017,1012.14,1032.85,1001,1020.04,1020.04,7709400
31-07-2017,1019.05,1019.05,987.02,987.78,987.78,7352100
01-08-2017,996.11,1006.4,991.58,996.19,996.19,4572600
02-08-2017,1001.77,1003.21,981.73,995.89,995.89,4070000
03-08-2017,999.47,999.5,984.59,986.92,986.92,3255800
04-08-2017,989.68,991.67,982,987.58,987.58,2730300
07-08-2017,990.65,995,987.14,992.27,992.27,2676600
08-08-2017,994.35,996.28,985.79,989.84,989.84,2902800
09-08-2017,982.6,988,975.27,982.01,982.01,3569700
10-08-2017,976.3,979.86,954.68,956.92,956.92,5684100
11-08-2017,960,970.39,951.38,967.99,967.99,3468000
14-08-2017,978.41,985.5,976.19,983.3,983.3,3172900
15-08-2017,988.9,991.74,982,982.74,982.74,2549300
16-08-2017,981.65,986.46,973.22,978.18,978.18,3132100
17-08-2017,977.84,977.84,960.32,960.57,960.57,3512400
18-08-2017,961.4,965.43,954.65,958.47,958.47,3284800
21-08-2017,957.57,961.2,945.46,953.29,953.29,3164500
22-08-2017,955.52,967.93,955.5,966.9,966.9,2750000
23-08-2017,959.38,962,954.2,958,958,2668300
24-08-2017,957.42,959,941.14,952.45,952.45,5195700
25-08-2017,956,957.62,944.1,945.26,945.26,3324800
28-08-2017,946.54,953,942.25,946.02,946.02,2596700
29-08-2017,940,956,936.33,954.06,954.06,2874300
30-08-2017,958.44,969.41,956.91,967.59,967.59,2904600
31-08-2017,974.7,981,972.76,980.6,980.6,3331500
01-09-2017,984.2,984.5,976.88,978.25,978.25,2535900
05-09-2017,975.4,976.77,960.37,965.27,965.27,2883200
06-09-2017,968.32,971.84,960.6,967.8,967.8,2129900
07-09-2017,974,980.59,972.55,979.47,979.47,2566800
08-09-2017,979.1,979.88,963.47,965.9,965.9,2605300
11-09-2017,974.46,981.94,974.22,977.96,977.96,2186700
12-09-2017,983.27,984.67,975.52,982.58,982.58,2481100
13-09-2017,983.97,1000,979.42,999.6,999.6,3374700
14-09-2017,996.8,998.56,987.74,992.21,992.21,3913300
15-09-2017,993.01,996.25,984.03,986.79,986.79,3760200
18-09-2017,990.4,992.79,968.17,974.19,974.19,3411300
19-09-2017,977.25,978.24,967.46,969.86,969.86,2671100
20-09-2017,971.79,974.81,962.16,973.21,973.21,2888800
21-09-2017,971.31,971.7,962.02,964.65,964.65,2337600
22-09-2017,961.01,965.61,954.42,955.1,955.1,2641800
25-09-2017,949.31,949.42,932.89,939.79,939.79,5124000
26-09-2017,945.49,948.63,931.75,938.6,938.6,3564800
27-09-2017,948,955.3,943.3,950.87,950.87,3148900
28-09-2017,951.86,959.7,950.1,956.4,956.4,2522600
29-09-2017,960.11,964.83,958.38,961.35,961.35,2543800
02-10-2017,964,967.31,952.12,959.19,959.19,2442900
03-10-2017,958,963.69,950.37,957.1,957.1,2666600
04-10-2017,954.21,967.79,954.05,965.45,965.45,2527400
05-10-2017,970,981.51,969.64,980.85,980.85,3229200
06-10-2017,975.64,995.75,975.64,989.58,989.58,3782100
09-10-2017,993.24,998.5,987.5,990.99,990.99,2938600
10-10-2017,996.67,997.95,980.1,987.2,987.2,3084900
11-10-2017,991.27,995.5,986.7,995,995,2337100
12-10-2017,996.81,1008.44,992.4,1000.93,1000.93,4067300
13-10-2017,1007,1007.77,1001.03,1002.94,1002.94,2431500
16-10-2017,1008.44,1009.57,1001.04,1006.34,1006.34,2008900
17-10-2017,1005.59,1011.47,1004.38,1009.13,1009.13,2319700
18-10-2017,1009.27,1022.31,996.55,997,997,2499700
19-10-2017,990,991.05,980.24,986.61,986.61,3108200
20-10-2017,993.53,994.62,982,982.91,982.91,2365100
23-10-2017,986.73,986.78,962.5,966.3,966.3,3494100
24-10-2017,969,979.85,965,975.9,975.9,2723900
25-10-2017,978,984.44,966.24,972.91,972.91,3033100
26-10-2017,980.33,982.9,968.55,972.43,972.43,5618700
27-10-2017,1058.14,1105.58,1050.55,1100.95,1100.95,16565000
30-10-2017,1095.01,1122.79,1093.56,1110.85,1110.85,6613100
31-10-2017,1109,1110.54,1101.12,1105.28,1105.28,3477000
01-11-2017,1105.4,1108.97,1096.74,1103.68,1103.68,3755500
02-11-2017,1097.81,1101.94,1086.87,1094.22,1094.22,3684900
03-11-2017,1091.15,1112.68,1088.52,1111.6,1111.6,3751500
06-11-2017,1109.15,1125.41,1108.77,1120.66,1120.66,3381100
07-11-2017,1124.74,1130.6,1117.5,1123.17,1123.17,2689000
08-11-2017,1122.82,1135.54,1119.11,1132.88,1132.88,2581500
09-11-2017,1125.96,1129.62,1115.77,1129.13,1129.13,3732700
10-11-2017,1126.1,1131.75,1124.06,1125.35,1125.35,2179900
13-11-2017,1123,1139.9,1122.34,1129.17,1129.17,2918400
14-11-2017,1130.11,1138,1123.89,1136.84,1136.84,3138400
15-11-2017,1127.01,1131.75,1121.63,1126.69,1126.69,3928700
16-11-2017,1130.16,1138.16,1130.05,1137.29,1137.29,2213300
17-11-2017,1138.28,1138.8,1125.81,1129.88,1129.88,2413400
20-11-2017,1129.77,1133.42,1122.55,1126.31,1126.31,2163900
21-11-2017,1132.86,1140,1128.2,1139.49,1139.49,2479400
22-11-2017,1141,1160.27,1141,1156.16,1156.16,3555300
24-11-2017,1160.7,1186.84,1160.7,1186,1186,3528000
27-11-2017,1202.66,1213.41,1191.15,1195.83,1195.83,6744000
28-11-2017,1204.88,1205.34,1188.52,1193.6,1193.6,4559400
29-11-2017,1194.8,1194.8,1145.19,1161.27,1161.27,9257500
30-11-2017,1167.1,1178.57,1160,1176.75,1176.75,4509200
01-12-2017,1172.05,1179.65,1152,1162.35,1162.35,4107100
04-12-2017,1173.85,1175.2,1128,1133.95,1133.95,5931900
05-12-2017,1128.26,1159.27,1124.74,1141.57,1141.57,4079800
06-12-2017,1137.99,1155.89,1136.08,1152.35,1152.35,2853300
07-12-2017,1156.59,1163.19,1151,1159.79,1159.79,2511600
08-12-2017,1170.4,1172.79,1157.1,1162,1162,3050100
11-12-2017,1164.6,1169.9,1157,1168.92,1168.92,2363500
12-12-2017,1166.51,1173.6,1161.61,1165.08,1165.08,2235900
13-12-2017,1170,1170.87,1160.27,1164.13,1164.13,2616800
14-12-2017,1163.71,1177.93,1162.45,1174.26,1174.26,3214300
15-12-2017,1179.03,1182.75,1169.33,1179.14,1179.14,4778600
18-12-2017,1187.37,1194.78,1180.91,1190.58,1190.58,2947600
19-12-2017,1189.15,1192.97,1179.14,1187.38,1187.38,2587800
20-12-2017,1190.5,1191,1176,1177.62,1177.62,2371200
21-12-2017,1175.9,1179.17,1167.64,1174.76,1174.76,2123100
22-12-2017,1172.08,1174.62,1167.83,1168.36,1168.36,1585100
26-12-2017,1168.36,1178.32,1160.55,1176.76,1176.76,2005200
27-12-2017,1179.91,1187.29,1175.61,1182.26,1182.26,1867200
28-12-2017,1189,1190.1,1184.38,1186.1,1186.1,1841700
29-12-2017,1182.35,1184,1167.5,1169.47,1169.47,2688400
02-01-2018,1172,1190,1170.51,1189.01,1189.01,2694500
03-01-2018,1188.3,1205.49,1188.3,1204.2,1204.2,3108800
04-01-2018,1205,1215.87,1204.66,1209.59,1209.59,3022100
05-01-2018,1217.51,1229.14,1210,1229.14,1229.14,3544700
08-01-2018,1236,1253.08,1232.03,1246.87,1246.87,4279500
09-01-2018,1256.9,1259.33,1241.76,1252.7,1252.7,3661300
10-01-2018,1245.15,1254.33,1237.23,1254.33,1254.33,2686000
11-01-2018,1259.74,1276.77,1256.46,1276.68,1276.68,3125000
12-01-2018,1273.39,1305.76,1273.39,1305.2,1305.2,5443700
16-01-2018,1323,1339.94,1292.3,1304.86,1304.86,7220700
17-01-2018,1312.24,1314,1280.88,1295,1295,5253800
18-01-2018,1293.95,1304.6,1284.02,1293.32,1293.32,4026900
19-01-2018,1312,1313,1292.99,1294.58,1294.58,4578500
22-01-2018,1297.17,1327.45,1296.66,1327.31,1327.31,4140100
23-01-2018,1338.09,1364.9,1337.34,1362.54,1362.54,5169300
24-01-2018,1374.82,1388.16,1338,1357.51,1357.51,6807500
25-01-2018,1368,1378.34,1357.62,1377.95,1377.95,4753000
26-01-2018,1392.01,1402.53,1380.91,1402.05,1402.05,4857300
29-01-2018,1409.18,1431.39,1400.44,1417.68,1417.68,5701900
30-01-2018,1403.17,1439.25,1392,1437.82,1437.82,5871900
31-01-2018,1451.3,1472.58,1450.04,1450.89,1450.89,6424700
01-02-2018,1445,1459.88,1385.14,1390,1390,9113800
02-02-2018,1477.39,1498,1414,1429.95,1429.95,11125700
05-02-2018,1402.62,1458.98,1320.72,1390,1390,11495000
06-02-2018,1361.46,1443.99,1351.79,1442.84,1442.84,11066800
07-02-2018,1449,1460.99,1415.15,1416.78,1416.78,7162700
08-02-2018,1429.68,1433.75,1349.94,1350.5,1350.5,8578600
09-02-2018,1373.49,1383.5,1265.93,1339.6,1339.6,14141500
12-02-2018,1364.67,1393.81,1344.01,1386.23,1386.23,6738900
13-02-2018,1385.93,1419.72,1383.53,1414.51,1414.51,5917900
14-02-2018,1406.25,1452.06,1403.36,1451.05,1451.05,5959200
15-02-2018,1466.89,1468.94,1436.84,1461.76,1461.76,5652700
16-02-2018,1457.37,1465.8,1446.56,1448.69,1448.69,4472600
20-02-2018,1446.49,1488.77,1446.49,1468.35,1468.35,6499200
21-02-2018,1485,1503.49,1478.92,1482.92,1482.92,6304400
22-02-2018,1495.36,1502.54,1475.76,1485.34,1485.34,4858100
23-02-2018,1495.34,1500,1486.5,1500,1500,4418100
26-02-2018,1509.2,1522.84,1507,1521.95,1521.95,4955000
27-02-2018,1524.5,1526.78,1507.21,1511.98,1511.98,4808800
28-02-2018,1519.51,1528.7,1512,1512.45,1512.45,4515000
01-03-2018,1513.6,1518.49,1465,1493.45,1493.45,6835200
02-03-2018,1469.1,1501.05,1455.01,1500.25,1500.25,6587600
05-03-2018,1494.24,1525.38,1481,1523.61,1523.61,5233900
06-03-2018,1533.2,1542.13,1528,1537.64,1537.64,4561700
07-03-2018,1526.52,1545.9,1522.51,1545,1545,4174100
08-03-2018,1550,1554.88,1545.25,1551.86,1551.86,3862600
09-03-2018,1563.5,1578.94,1559.08,1578.89,1578.89,4534300
12-03-2018,1592.6,1605.33,1586.7,1598.39,1598.39,5174200
13-03-2018,1615.96,1617.54,1578.01,1588.18,1588.18,6531900
14-03-2018,1597,1606.44,1590.89,1591,1591,4259400
15-03-2018,1595,1596.91,1578.11,1582.32,1582.32,4069700
16-03-2018,1583.45,1589.44,1567.5,1571.68,1571.68,5425000
19-03-2018,1554.53,1561.66,1525.35,1544.93,1544.93,6580800
20-03-2018,1550.34,1587,1545.41,1586.51,1586.51,4581600
21-03-2018,1586.45,1590,1563.17,1581.86,1581.86,4750800
22-03-2018,1565.47,1573.85,1542.4,1544.92,1544.92,6320600
23-03-2018,1539.01,1549.02,1495.36,1495.56,1495.56,8006000
26-03-2018,1530,1556.99,1499.25,1555.86,1555.86,5624700
27-03-2018,1572.4,1575.97,1482.32,1497.05,1497.05,6999600
28-03-2018,1447,1455.9,1386.17,1431.42,1431.42,13705300
29-03-2018,1406,1455.47,1365.2,1447.34,1447.34,12581100
02-04-2018,1417.62,1421.36,1355,1371.99,1371.99,10463600
03-04-2018,1391.38,1414,1355.33,1392.05,1392.05,10231200
04-04-2018,1358.24,1415.39,1352.88,1410.57,1410.57,6982300
05-04-2018,1441.99,1459.56,1427.07,1451.75,1451.75,6413500
06-04-2018,1429.97,1452.5,1400.26,1405.23,1405.23,5882300
09-04-2018,1425.03,1438.48,1402.57,1406.08,1406.08,4208200
10-04-2018,1431.99,1438.38,1415.7,1436.22,1436.22,4254100
11-04-2018,1439.44,1448.78,1424.89,1427.05,1427.05,3582500
12-04-2018,1439.5,1452.12,1435.06,1448.5,1448.5,3135000
13-04-2018,1449.14,1459.78,1424.52,1430.79,1430.79,3685300
16-04-2018,1445,1447,1427.48,1441.5,1441.5,2808600
17-04-2018,1462.3,1507.19,1457.02,1503.83,1503.83,5114400
18-04-2018,1514.65,1533.8,1504.11,1527.84,1527.84,5227500
19-04-2018,1543.22,1568.52,1539.06,1556.91,1556.91,6523700
20-04-2018,1561.2,1561.2,1516.09,1527.49,1527.49,5541600
23-04-2018,1546.69,1548,1503.41,1517.86,1517.86,4465400
24-04-2018,1535.8,1539.5,1448.45,1460.09,1460.09,7494700
25-04-2018,1458,1469.99,1415.02,1460.17,1460.17,6587300
26-04-2018,1485.01,1529.42,1478.5,1517.96,1517.96,8801100
27-04-2018,1634.01,1638.1,1567.39,1572.62,1572.62,13053200
30-04-2018,1582.5,1596,1560.94,1566.13,1566.13,5464100
01-05-2018,1563.22,1585,1552.18,1582.26,1582.26,4572100
02-05-2018,1580.98,1588.5,1566.36,1569.68,1569.68,4360300
03-05-2018,1560.01,1574.8,1546.02,1572.08,1572.08,4251900
04-05-2018,1562.45,1584.9,1562.19,1580.95,1580.95,3443600
07-05-2018,1589.34,1606.95,1587.83,1600.14,1600.14,3801900
08-05-2018,1595,1596.88,1582.51,1592.39,1592.39,3067900
09-05-2018,1600,1608,1592,1608,1608,3637300
10-05-2018,1608.48,1615.6,1603.44,1609.08,1609.08,2817500
11-05-2018,1610.99,1611.1,1597.89,1602.91,1602.91,2263900
14-05-2018,1604,1611.18,1600.05,1601.54,1601.54,2509500
15-05-2018,1587.8,1587.8,1565.22,1576.12,1576.12,5077500
16-05-2018,1577.5,1594.43,1576.67,1587.28,1587.28,2570600
17-05-2018,1580.56,1594.04,1573,1581.76,1581.76,2147600
18-05-2018,1581.33,1583.59,1572.1,1574.37,1574.37,2642600
21-05-2018,1585,1592.05,1575,1585.46,1585.46,2925200
22-05-2018,1589.89,1589.89,1575.25,1581.4,1581.4,2115600
23-05-2018,1571.05,1601.86,1566.34,1601.86,1601.86,3361900
24-05-2018,1598.03,1608.24,1588.38,1603.07,1603.07,3430000
25-05-2018,1603,1614.12,1600.45,1610.15,1610.15,2698400
29-05-2018,1600.71,1621.79,1600.15,1612.87,1612.87,3846500
30-05-2018,1618.1,1626,1612.93,1624.89,1624.89,2907400
31-05-2018,1623,1635,1621.35,1629.62,1629.62,3166300
01-06-2018,1637.03,1646.73,1635.09,1641.54,1641.54,3313400
04-06-2018,1648.9,1665.68,1645.49,1665.27,1665.27,3187700
05-06-2018,1672.99,1699,1670.06,1696.35,1696.35,4782200
06-06-2018,1704.51,1714.5,1686.47,1695.75,1695.75,5473200
07-06-2018,1698.56,1699.9,1676.11,1689.3,1689.3,3765700
08-06-2018,1681.12,1689.44,1673.01,1683.99,1683.99,2955100
11-06-2018,1681.51,1694.24,1680.59,1689.12,1689.12,2335500
12-06-2018,1693,1699.51,1691.52,1698.75,1698.75,2259200
13-06-2018,1702.81,1713.75,1700.12,1704.86,1704.86,3327500
14-06-2018,1713.48,1724.8,1708.87,1723.86,1723.86,3174400
15-06-2018,1714,1720.87,1708.52,1715.97,1715.97,4777600
18-06-2018,1706.26,1726.74,1702.56,1723.79,1723.79,3107700
19-06-2018,1709.04,1736.11,1700.39,1734.78,1734.78,4290100
20-06-2018,1742.5,1762.93,1741.36,1750.08,1750.08,4332600
21-06-2018,1760,1763.1,1717.56,1730.22,1730.22,4941100
22-06-2018,1742.62,1743,1711.9,1715.67,1715.67,4075100
25-06-2018,1702.51,1705,1646.31,1663.15,1663.15,7511200
26-06-2018,1672.37,1701.57,1663.34,1691.09,1691.09,4386600
27-06-2018,1708.11,1711.95,1660,1660.51,1660.51,4872200
28-06-2018,1672.54,1705.5,1661.17,1701.45,1701.45,4529700
29-06-2018,1717,1723.41,1694.32,1699.8,1699.8,4543500
02-07-2018,1682.7,1713.89,1678.06,1713.78,1713.78,3185700
03-07-2018,1723.96,1725,1692.48,1693.96,1693.96,2177300
05-07-2018,1705.38,1710.69,1682.15,1699.73,1699.73,2983100
06-07-2018,1696,1715.27,1691.67,1710.63,1710.63,2650300
09-07-2018,1724.05,1739.56,1716.23,1739.02,1739.02,3012000
10-07-2018,1738.53,1750,1731,1743.07,1743.07,3002900
11-07-2018,1737.99,1756.96,1734,1755,1755,3209800
12-07-2018,1764.51,1798,1762.18,1796.62,1796.62,4532700
13-07-2018,1803.93,1815.3,1795.23,1813.03,1813.03,4383200
16-07-2018,1821.95,1841.95,1814.45,1822.49,1822.49,5466200
17-07-2018,1811.56,1851.69,1797.38,1843.93,1843.93,5682900
18-07-2018,1848,1858.88,1831.27,1842.92,1842.92,4861900
19-07-2018,1829.46,1841,1811.27,1812.97,1812.97,4676900
20-07-2018,1825.01,1834.84,1810.06,1813.7,1813.7,3884400
23-07-2018,1812.21,1819,1769.99,1802,1802,3888500
24-07-2018,1829.01,1840,1809.38,1829.24,1829.24,4278700
25-07-2018,1829.3,1863.84,1822.64,1863.61,1863.61,3738200
26-07-2018,1839,1844.68,1804.5,1808,1808,9924400
27-07-2018,1876.05,1880.05,1806.53,1817.27,1817.27,9681000
30-07-2018,1827.33,1829.5,1766.02,1779.22,1779.22,6562300
31-07-2018,1786.49,1801.83,1739.32,1777.44,1777.44,5738700
01-08-2018,1784,1798.44,1776.02,1797.17,1797.17,4153100
02-08-2018,1788.77,1836.56,1786,1834.33,1834.33,4354700
03-08-2018,1837.74,1841,1821.5,1823.29,1823.29,3460500
06-08-2018,1825.81,1847.77,1818.92,1847.75,1847.75,3391800
07-08-2018,1854.53,1869.72,1846.27,1862.48,1862.48,3377500
08-08-2018,1861,1891.51,1854.5,1886.52,1886.52,3963000
09-08-2018,1882,1914.57,1877.48,1898.52,1898.52,4860400
10-08-2018,1888.51,1899.5,1878.21,1886.3,1886.3,3639900
13-08-2018,1898.5,1925,1893.67,1896.2,1896.2,5531500
14-08-2018,1919.39,1921.01,1900,1919.65,1919.65,3986100
15-08-2018,1909.55,1916.21,1869.79,1882.62,1882.62,7700700
16-08-2018,1903.94,1905,1883.55,1886.52,1886.52,3957100
17-08-2018,1885.8,1888,1855.55,1882.22,1882.22,4104300
20-08-2018,1890.57,1891.75,1866.06,1876.71,1876.71,2862000
21-08-2018,1880,1897.75,1874.41,1883.42,1883.42,3105600
22-08-2018,1876.64,1905.8,1876.64,1904.9,1904.9,3080500
23-08-2018,1907.17,1919.5,1900.76,1902.9,1902.9,3563000
24-08-2018,1910.51,1916.01,1902.54,1905.39,1905.39,2800900
27-08-2018,1915,1927.7,1909.28,1927.68,1927.68,3569000
28-08-2018,1937.73,1941.78,1928.82,1932.82,1932.82,3100700
29-08-2018,1953.45,1998.69,1948.94,1998.1,1998.1,6531800
30-08-2018,1997.42,2025.57,1986.9,2002.38,2002.38,7277300
31-08-2018,2007,2022.38,2004.74,2012.71,2012.71,4204400
04-09-2018,2026.5,2050.5,2013,2039.51,2039.51,5721100
05-09-2018,2038.11,2040.38,1989.89,1994.82,1994.82,8220600
06-09-2018,2006.51,2007.5,1935.21,1958.31,1958.31,7488700
07-09-2018,1938.71,1975.2,1937.35,1952.07,1952.07,4892600
10-09-2018,1971,1973.04,1931.52,1939.01,1939.01,4544800
11-09-2018,1928.27,1988.88,1917,1987.15,1987.15,5033600
12-09-2018,1994,2000,1962.44,1990,1990,4414000
13-09-2018,2000,2008.76,1982.03,1989.87,1989.87,3621500
14-09-2018,1992.93,1993.65,1959.22,1970.19,1970.19,3642000
17-09-2018,1954.73,1956.82,1887.41,1908.03,1908.03,7050200
18-09-2018,1918.65,1958.2,1915.44,1941.05,1941.05,4268700
19-09-2018,1940.5,1940.83,1904.9,1926.42,1926.42,4056800
20-09-2018,1938.58,1955,1932.25,1944.3,1944.3,3154900
21-09-2018,1954.22,1957.31,1910.5,1915.01,1915.01,6855900
24-09-2018,1903.79,1936.88,1865,1934.36,1934.36,4213700
25-09-2018,1942.9,1975.91,1938.85,1974.55,1974.55,4538400
26-09-2018,1968.5,1995.25,1961.52,1974.85,1974.85,4313500
27-09-2018,1993.24,2016.16,1988.58,2012.98,2012.98,4329400
28-09-2018,2004.41,2026.52,1996.46,2003,2003,4085100
01-10-2018,2021.99,2033.19,2003.6,2004.36,2004.36,3460500
02-10-2018,1999.99,2013.39,1965.77,1971.31,1971.31,5400700
03-10-2018,1981.7,1989.7,1949.81,1952.76,1952.76,5253100
04-10-2018,1949,1956,1896.57,1909.42,1909.42,7257000
05-10-2018,1917.99,1929.08,1862.83,1889.65,1889.65,6822300
08-10-2018,1874,1902,1830.66,1864.42,1864.42,7393200
09-10-2018,1859.99,1896.68,1852.32,1870.32,1870.32,4772900
10-10-2018,1857.89,1858.56,1754.41,1755.25,1755.25,10988900
11-10-2018,1724,1755.4,1685.1,1719.36,1719.36,13935900
12-10-2018,1808,1808.95,1742.53,1788.61,1788.61,9444600
15-10-2018,1795,1795.05,1734.23,1760.95,1760.95,6437200
16-10-2018,1783.5,1823.88,1761.55,1819.96,1819.96,5859900
17-10-2018,1842.79,1845,1807,1831.73,1831.73,5295200
18-10-2018,1821.49,1830.15,1767.87,1770.72,1770.72,5874000
19-10-2018,1785.16,1809.1,1753,1764.03,1764.03,5907200
22-10-2018,1784,1809.5,1756,1789.3,1789.3,4500000
23-10-2018,1742.24,1776.34,1714,1768.7,1768.7,6723900
24-10-2018,1773.7,1777.71,1656.56,1664.2,1664.2,6928400
25-10-2018,1703.34,1794.81,1692.01,1782.17,1782.17,10285700
26-10-2018,1649.59,1698.46,1603,1642.81,1642.81,14963800
29-10-2018,1660,1665.74,1495,1538.88,1538.88,13866100
30-10-2018,1486.16,1540.99,1476.36,1530.42,1530.42,12460100
31-10-2018,1569.99,1623.91,1565.09,1598.01,1598.01,9390200
01-11-2018,1623.53,1670.45,1598.44,1665.53,1665.53,8135500
02-11-2018,1678.59,1697.44,1651.83,1665.53,1665.53,6955500
05-11-2018,1657.57,1658.09,1596.36,1627.8,1627.8,5624700
06-11-2018,1618.35,1665,1614.55,1642.81,1642.81,4257400
07-11-2018,1673,1759.23,1664.08,1755.49,1755.49,8192200
08-11-2018,1755,1784,1725.11,1754.91,1754.91,6534900
09-11-2018,1732.5,1743.92,1701.87,1712.43,1712.43,5902200
12-11-2018,1698.24,1708.55,1630.01,1636.85,1636.85,6806200
13-11-2018,1649.29,1677.06,1613.75,1631.17,1631.17,5933300
14-11-2018,1656.32,1673,1597.07,1599.01,1599.01,6486900
15-11-2018,1581.01,1624.82,1546.51,1619.44,1619.44,8427300
16-11-2018,1587.5,1614.48,1573.12,1593.41,1593.41,6066100
19-11-2018,1577.01,1581.19,1503.36,1512.29,1512.29,7790000
20-11-2018,1437.5,1534.75,1420,1495.46,1495.46,10878800
21-11-2018,1542.99,1550,1515,1516.73,1516.73,5716800
23-11-2018,1517,1536.2,1501.81,1502.06,1502.06,2707600
26-11-2018,1539,1584.81,1524.22,1581.33,1581.33,6257700
27-11-2018,1575.99,1597.65,1558.01,1581.42,1581.42,5783200
28-11-2018,1613.92,1681.45,1601.22,1677.75,1677.75,8458700
29-11-2018,1674.99,1689.99,1652.33,1673.57,1673.57,6613200
30-11-2018,1679.5,1696,1666.5,1690.17,1690.17,5761800
03-12-2018,1769.46,1778.34,1730,1772.36,1772.36,6862300
04-12-2018,1756,1770.34,1665,1668.4,1668.4,8694500
06-12-2018,1614.87,1701.05,1609.85,1699.19,1699.19,8789400
07-12-2018,1705.07,1718.93,1625.46,1629.13,1629.13,7576100
10-12-2018,1623.84,1657.99,1590.87,1641.03,1641.03,7494800
11-12-2018,1678,1679.47,1619.6,1643.24,1643.24,6244700
12-12-2018,1669,1704.99,1660.27,1663.54,1663.54,6598000
13-12-2018,1680,1692.12,1641.5,1658.38,1658.38,5271300
14-12-2018,1638,1642.57,1585,1591.91,1591.91,6367200
17-12-2018,1566,1576.13,1505.01,1520.91,1520.91,8829800
18-12-2018,1540,1567.55,1523.01,1551.48,1551.48,6523000
19-12-2018,1543.05,1584.53,1483.18,1495.08,1495.08,8792200
20-12-2018,1484,1509.5,1432.69,1460.83,1460.83,9991800
21-12-2018,1464.99,1480,1363.96,1377.45,1377.45,13640300
24-12-2018,1346,1396.03,1307,1343.96,1343.96,7220000
26-12-2018,1368.89,1473.16,1363.01,1470.9,1470.9,10411800
27-12-2018,1454.2,1469,1390.31,1461.64,1461.64,9722000
28-12-2018,1473.35,1513.47,1449,1478.02,1478.02,8829000
31-12-2018,1510.8,1520.76,1487,1501.97,1501.97,6954500